,Return AMZN,Returns S&P
,-0.461970872,1.591608159
,0.588264857,0.311083259
,-1.828178572,0.054537178
,-1.715962028,0.399321769
,2.671685886,0.287758302
,-2.43350975,0.174523163
,-2.297702609,-0.942544577
,1.372557621,0.829145632
,-1.372557621,0.242348622
,-0.165035208,-1.088212662
,0.368991194,1.242215106
,-1.444440442,-1.065438625
,0.665615764,-1.912665764
,-4.185253374,-2.2389779
,-0.926623664,0.458755857
,-0.692270996,-0.421205753
,2.700074822,0.486828282
,2.637019924,-1.188812581
,-0.493156418,-0.987779889
,-5.35579175,1.416530528
,-0.632940196,1.288952056
,0.82623773,-0.548935039
,-2.689062641,-3.163585611
,1.242888321,0.289293031
,-0.478181252,-0.890280294
,1.021891712,1.295584243
,-0.569267861,-0.223506976
,2.299528601,0.96338825
,-0.358700697,-0.274836618
,-1.796080975,1.784065321
,-1.043458848,0.422900492
,1.510335463,0.656315752
,-0.475387145,0.218423491
,0.416087725,-0.104640496
,-0.65462848,-1.217664478
,2.093259255,0.967351911
,-1.277761175,-0.208320871
,0.169065975,0.140439271
,5.055821813,1.010725769
,0.791780839,0.232773131
,0.286373597,0.04291091
,2.075383051,0.37291564
,0.295218514,1.391028239
,0.926573672,-0.017561128
,-0.996411874,0.171127187
,1.303367841,0.451435475
,2.32507504,0.403337442
,-1.326315554,-0.021736957
,-0.524817305,0.045209303
,0.502045787,0.774901483
,-0.342034323,0.580479533
,1.075359888,-0.032589923
,-1.831976278,-0.509942676
,0.092013653,0.50823598
,-0.931748179,0.714537748
,-0.948318072,-0.550844768
,5.093008565,-0.170562174
,0.244636326,0.073745117
,0.044412616,0.566714641
,1.074730268,0.004265861
,-0.59482311,-0.327824247
,-2.960083052,0.738645411
,-0.243063543,0.789672875
,3.048349086,0.168287888
,-0.510301753,-0.589404277
,4.416489739,0.336866123
,-0.64053239,0.666166854
,0.810641586,0.176505056
,-0.739264809,0.068516658
,2.897119338,1.108836261
,1.061718328,0.084218438
,-2.53495218,-1.625798237
,0.182709122,0.451114103
,1.235060225,0.802604539
,1.534624672,-0.101951682
,2.468763675,0.226132103
,-4.399450426,0.709826739
,2.39400298,-0.430570397
,-3.521269214,-2.365964027
,-1.897912393,0.644195803
,1.693501397,1.286018033
,-3.321318062,-1.678781024
,0.284059322,1.303525799
,-5.732530578,-2.41271998
,0.8436858,-0.660834225
,-1.710090973,-3.288844091
,-2.940811754,-1.542664571
,4.925481512,4.303470364
,-0.63418436,-0.340307557
,2.580242242,1.36459925
,-1.809044613,-1.221950029
,-2.261636397,-1.897898078
,0.295218514,0.110875301
,-2.061286171,-1.429763127
,-1.347334157,-0.514346886
,-3.99561713,-3.975579582
,2.483320286,1.491263204
,-0.490115333,-1.299204634
,2.218892521,0.035387487
,-1.330290912,-0.567707858
,2.793185513,3.23473123
,-0.983508895,-1.245189288
,-1.78533172,-1.73143531
,2.460552945,2.551442816
,1.921098065,0.404319183
,-4.763750584,-3.501744193
,-0.620963678,-1.362446599
,-2.632500804,1.091626736
,-0.785636142,-0.595939713
,4.396855301,2.907984622
,-0.146198858,0.437011596
,0.648145343,-0.18062942
,2.401674476,2.322245007
,0.047297235,-0.055608925
,-0.799088865,0.128218607
,-0.047669634,0.13162644
,-2.641267104,-0.386429831
,-0.196034531,-1.620122456
,-0.70561584,-0.298993969
,-2.602528245,-1.694628353
,2.23131973,0.285528253
,-2.680224891,-0.20360101
,-8.122480319,-3.15082303
,0.596688777,-1.016445369
,1.543938572,-0.324571348
,-1.65383144,-0.467327173
,0.839420086,0.534472637
,3.016025311,3.085002306
,2.429904868,0.936865451
,0.890875334,0.717806382
,1.900635802,0.073263355
,3.405494353,1.52618229
,-0.283457564,-0.015514378
,-1.010772377,0.119538808
,-2.968415878,-2.924290916
,1.216308247,0.596406948
,0.133307802,1.135187374
,-2.248230106,-1.290269898
,2.223249467,2.22636877
,-1.004442181,0.818641997
,-0.396174489,1.113790909
,-1.078433587,-0.104990836
,0,-0.694603269
,-0.230775779,-0.41672926
,0.877533214,0.006349784
,1.832292822,2.178352809
,1.938283304,-0.480789427
,4.12858954,0.60328778
,0.195763734,-0.126932927
,0.382592684,-0.371091561
,0.396652266,0.546808674
,0.904072913,-0.598528119
,-3.212594862,-2.858340609
,0.530798638,-0.5393267
,-1.488581517,-0.403169039
,1.100663519,0.01204514
,2.188924323,1.211848944
,0.611191424,0.148168038
,-1.617323216,-1.708043558
,0.148828601,-0.366975441
,-0.912102565,-0.404849074
,-1.648585121,-1.461876814
,1.845862758,0.328394475
,-1.581215264,-0.771446625
,1.415529003,1.645071029
,-2.276181805,-1.482861123
,0.836623806,0.039071798
,5.955438093,2.907773638
,2.032196852,0.903985342
,2.613277179,1.313239363
,-1.137646438,-1.153749146
,1.389512876,0.641805922
,0.887245361,0.482065243
,1.456780553,0.485154493
,1.829556035,1.106912608
,0.467639243,-0.071337319
,-0.206046092,0.353488318
,1.825793603,-0.036440996
,0.128184866,0.082651443
,1.989249161,1.509528778
,-0.377451034,-0.256731344
,0.727135678,-0.48371728
,0.669560052,-0.836623996
,5.02688261,2.097291564
,-0.84974022,-0.568355339
,0.206852494,0.483866074
,-0.445569783,-0.259111314
,-1.22134534,-0.308848645
,-2.156012944,0.440671431
,1.087032359,-0.806738658
,3.465847496,2.064672277
,-3.4594155,-0.06722302
,0.55829067,-0.164787549
,-0.461806339,0.610361247
,-1.633326856,0.014582638
,2.229420666,0.381148431
,-0.840690352,0.709578551
,0.231735542,-0.364803219
,5.692263339,0.202543218
,-0.658138274,0.721763509
,-3.035332213,-1.600464444
,0,1.046908302
,3.893708411,0.17723371
,2.49040343,0.238640854
,-0.076896463,0.214467009
,0.560554357,0.001688554
,-1.446123736,-0.269421008
,-0.400777577,0.112421713
,-0.96968269,-0.043938336
,-1.616821783,0.094608562
,1.240884519,0.772933572
,2.317865252,0.367130674
,0.272668816,1.909930469
,1.083325883,0.391507906
,0.711871934,-0.212321016
,-1.005092874,-0.808489488
,1.781186757,0.436653397
,-1.722479028,-0.425114999
,-2.791433837,-1.187876614
,-4.178313905,-0.121817736
,-0.707338445,-1.633815726
,0.360615955,0.021214038
,3.609465325,1.524058305
,0.395154768,0.253715186
,3.323590955,-0.157660834
,-1.293619166,-1.438703214
,5.240743571,1.481271626
,-0.028214417,-0.749659212
,1.284050269,-0.137980972
,-2.30504782,-0.608871566
,0.653509364,2.138662188
,-0.011331143,1.273710016
,-0.482670946,0.259985431
,1.34003081,-0.129908225
,-0.72149514,0.051494768
,-0.271914859,0.369492551
,-0.820182877,0.383538381
,0.439404364,0.598370341
,-0.783149182,0.004831953
,-0.178062598,0.091054178
,0.932743999,-0.513561754
,1.397034118,0.616604599
,-0.258698196,0.083645441
,3.164833693,0.254511156
,0.793400004,0.601199422
,0.005409867,0.337385744
,-1.181447826,-0.164568155
,-0.246756359,0.06125092
,-0.578149348,0.077102683
,1.251181913,0.100863609
,-0.338684366,-0.150935737
,-1.516224774,-0.019080747
,2.31738501,1.125129378
,0.427914966,-0.13139247
,1.294222638,0.499467653
,-0.835836951,-0.212521436
,-0.199270832,-0.184648609
,-0.437643946,-0.137727518
,-0.184270287,0.371820589
,-0.141140027,0.896725422
,0.784613206,-0.171221111
,1.720679948,0.735740998
,1.315808458,0.137546481
,-2.316831153,-1.016716611
,-2.662624001,-0.129579826
,-2.526712935,0.241063774
,-0.321784224,0.581931505
,-0.084858723,0.026342786
,-0.744130228,0.421202401
,5.036634771,0.224179092
,-7.489647863,-1.801380524
,-0.880339044,0.76333497
,1.445527438,1.655579207
,0.821667625,-0.272623062
,0.103679307,0.235143283
,1.269886645,0.288011066
,0.28380086,0.622078257
,3.688979957,0.417602003
,1.216219245,-0.278965277
,0.48989572,0.074921203
,1.619378563,0.549226128
,0.616325604,0.238208474
,-0.732642102,-0.32401543
,-1.283129032,0.623793831
,0.60900879,0.307097131
,-0.673328583,0.192287268
,-3.314378394,-2.07422054
,-2.094730803,-0.613071502
,0.603792157,-0.099487133
,-0.287329414,1.049524794
,-2.253832328,0.554568009
,-2.24675576,-1.586486206
,1.511187872,0.161389762
,0.446617144,1.707243511
,-0.650292618,-0.740539033
,-1.520203011,-0.837621485
,-1.303708076,0.888316122
,1.285964014,-0.136263082
,-1.736374651,-1.90512811
,1.154980055,0.705556457
,-0.800488736,-0.606769646
,-0.994549658,-1.126354476
,-0.230459803,-1.968748176
,-2.290760054,1.330926637
,0.526663121,0.43009394
,1.654751804,1.487466797
,-1.173893366,-0.355688507
,1.658979797,0.290974185
,3.436518398,0.929739335
,-0.070164876,0.315615127
,-0.957895251,-0.275161894
,3.064454106,0.703523961
,2.711725924,0.666246311
,0.394942521,-0.183117732
,0,0.495071285
,1.547940097,0.034515023
,1.276388635,-0.018007128
,-1.374833818,0.218129662
,1.169545251,-0.152116248
,-0.108217636,-0.401248314
,-0.363397824,-0.279728829
,-1.953314111,-0.780709563
,0.9978841,0.019021749
,-0.258156195,0.008367358
,-1.000484807,0.391772869
,-0.932055885,-1.107899768
,0.268793418,0.571480986
,2.784920652,1.342443496
,1.092613657,0.526290885
,-0.253158415,-0.159393964
,-1.696981325,0.893950762
,7.567011746,0.623039784
,-0.796531121,0.354911826
,0.378628671,0.229801983
,2.710495404,-0.175424863
,-1.371258103,-0.338502668
,0.763019619,-0.687891438
,-1.440540669,-0.911121666
,0.248286207,0.381264256
,1.606458708,0.453387018
,1.551643999,0.804161592
,0.215518791,-1.11736896
,0.823492021,0.488349341
,-1.717982178,-0.810004639
,-5.088805462,-0.622371877
,1.187663987,-0.03686291
,1.163574258,0.876527255
,0.86388524,0.217557268
,-0.075485726,-0.771797457
,-1.230796823,-1.199726528
,-1.514828814,-0.082772278
,-0.523959906,0.317811361
,1.415096193,0.394532224
,-0.447149507,0.407261594
,1.310083194,1.053701442
,-2.205238838,-2.304822544
,0.647586793,-0.122558655
,-2.790969429,-0.978149249
,-1.40640533,-1.081851583
,0.996686514,-0.09568654
,0.266240835,-0.419566379
,0.863050398,0.735040901
,-1.674632616,-1.407848325
,-0.128751697,0.066853289
,1.95089988,1.253291344
,-2.117444099,-1.758556937
,-1.260737995,0.175279821
,1.470217867,0.304039001
,0.721757799,0.538068882
,3.4091507,1.33341797
,-1.347654768,-0.648945993
,1.311612645,-0.283199313
,-0.832670618,-1.179507731
,4.419204046,0.914253711
,0.545098467,1.286129245
,0.900302248,0.824863336
,0.151717553,1.0068372
,2.415693041,1.430686888
,1.750776686,-0.13370725
,0.467968466,0.100105795
,1.183502064,1.039958289
,0.708013617,-0.69854582
,-2.660136882,-1.825616724
,-0.622970066,-0.444336938
,1.068926441,0.310102707
,-1.472138959,-0.673878268
,1.176618418,0.55390559
,-0.631479958,-0.816311812
,3.040341743,1.61771496
,-1.157733,-0.067105792
,-1.091528677,1.345526278
,1.540531206,0.090743973
,-1.409292382,-0.565899536
,0.322673371,-0.411342058
,3.820025289,-2.051772423
,0.618249362,-0.323920738
,-0.618249362,-0.647142756
,-0.540735352,-0.414086095
,-4.443948569,-2.588890874
,-0.825309425,0.500314596
,-4.12269687,-4.900165543
,0.603693763,-0.057508265
,-4.541648373,-6.895836943
,5.713833276,4.631744075
,-5.492082419,-4.515679657
,2.155550317,4.525059445
,1.966819234,0.524787511
,0.32078695,2.155072744
,-2.631010223,-0.978627479
,-0.889210941,0.094693824
,-7.089763888,-4.561859959
,-1.986514919,-1.512275603
,-0.779873257,0.025800788
,8.633999631,3.3710249
,0.092952393,1.303465136
,-0.881381184,-1.568793469
,3.70091045,1.500841802
,3.578496634,2.788750482
,2.103322972,0.234427511
,2.022830001,0.490990896
,-1.257703218,-1.194246104
,-1.202264229,-2.560701708
,2.900383089,-0.746407691
,1.706150867,2.824382506
,-1.207810028,-1.066889064
,-2.739000609,-2.706856257
,2.416287217,0.694156899
,1.362125681,0.907872568
,1.375279744,1.338976086
,1.873868981,1.704104618
,5.373762732,0.569047605
,0.993791407,-0.985094873
,-3.55450818,-0.166238645
,-0.59339915,-2.983099504
,-3.797423606,-3.24024566
,0.170085531,0.606358872
,2.752348088,2.306802089
,-2.484380446,1.06316656
,2.423453037,-2.09081956
,-3.216026296,0.808148573
,-2.831477382,-2.529127407
,-1.985072576,-2.886360338
,0.245007664,2.22393064
,3.241024415,1.770791884
,0.911548011,1.813816898
,1.447648811,-0.819681139
,2.885786282,3.355564416
,1.782390362,0.054385529
,0.563215623,0.974704699
,-0.279095247,-0.297810254
,4.374641522,1.723094891
,-1.791314428,-1.955993785
,0.637587968,2.021304977
,-5.19668711,-1.272981879
,0.894361209,0.454384001
,0.499583865,1.86340672
,1.198177716,1.279080636
,-4.502011256,-2.024834574
,-13.53254012,1.04814304
,4.137025671,3.371659131
,4.971553257,0.038915353
,-1.768730733,-2.504861662
,-0.66257567,-2.834006
,1.645968606,1.597636321
,1.2306846,1.860760721
,-0.832627597,-0.629981958
,0.23992076,0.627600849
,0.455185957,1.166731046
,-3.154896406,-3.73853468
,-0.203790505,0.858720062
,3.083062687,1.929322347
,0.705904118,-0.959603725
,-0.50370608,0.480559884
,-2.717582391,-1.675579881
,-3.587333756,-1.694267175
,-3.675165861,-0.039475693
,-4.084523885,-1.882457116
,1.619572617,-0.414943852
,-1.757048842,-2.234297046
,-3.549208532,-0.26891192
,6.242898053,2.882107914
,-3.01167484,0.221120649
,2.049033589,4.240343873
,2.485882218,-0.191046967
,-0.55957313,-0.024101557
,0.107072179,1.023446349
,-2.189511205,0.110513819
,1.719596165,0.201632073
,-2.509209385,-2.13684988
,1.329843088,1.674241225
,-1.83510311,-1.502638634
,-4.870843076,-0.872395364
,-0.166327383,-1.141325135
,0.580956067,0.32378531
,0,0.321098895
,-1.070474193,-1.180219797
,1.763208286,2.938929573
,-4.579497044,0.194760827
,2.648857644,0.823157693
,-0.982298606,0.899448074
,-0.571346479,0.007910509
,-1.359402348,-1.25565062
,-0.017252624,1.065017255
,-0.438088656,-0.430057078
,3.368388713,1.535548366
,-0.852646679,0.018790616
,0.056322372,0.293939285
,2.776259574,-0.2540185
,-2.242806866,0.225904391
,0.435875523,0.88465237
,-0.245646624,0.030954902
,-1.674080811,0.23338831
,1.405416141,-0.496020431
,1.799651982,0.354665767
,4.193553216,1.104668904
,2.610268292,0.492650177
,-1.826821311,0.066923588
,-2.56764259,0.047123183
,0.48782107,-0.102634414
,0.426896589,0.864169534
,2.896930044,-0.577050838
,1.054828782,-0.159414781
,-1.661888523,-0.252530887
,1.184735668,-0.045705144
,-8.017126159,0.886023775
,1.251466552,0.109454765
,3.227130121,1.449972569
,-2.448746539,-0.042396375
,0.571696217,0.202133769
,0.697919357,0.215788085
,-0.269934846,0.147302495
,0.3022765,-0.691012225
,3.208719673,0.677702341
,-0.15147591,-0.093996535
,-3.635603807,-0.539774789
,-2.491900659,1.096536614
,1.418232556,0.234617558
,-0.131596139,0.071966415
,-0.926030768,-0.334569759
,-0.940281774,0.426290336
,0.134074093,0.167084096
,-0.335517842,0.135364285
,2.909157752,0.335071357
,-2.261507118,-0.474824276
,0.194585448,0.613915646
,-0.41186122,-0.325103507
,0.533982805,-0.387720063
,0.459389777,-1.548950635
,1.469087431,0.687692207
,2.084023066,0.977004896
,-1.785181265,0.362467307
,-0.505838823,0.0160448
,0.652210049,1.796913284
,-1.270291612,-0.119697818
,1.183573811,0.594946621
,0.33561253,0.111877222
,0.253663946,0.396597148
,3.604994256,-0.30050284
,-0.31245456,-0.187294999
,0.348839558,-0.723263469
,1.36281228,0.310403597
,3.936072532,1.379030038
,1.258867507,-0.282074959
,-2.105339905,-0.495375906
,1.700510188,-0.160922411
,-1.031648971,0.369161404
,-2.226970414,0.747662587
,0.809640073,-0.399661169
,-2.880930282,-1.025492689
,0.205980811,-0.062924024
,-1.304841192,-1.142343808
,-2.581639544,-1.722902502
,0.528074308,0.742128971
,1.436670239,1.368531498
,-1.176326341,-1.255346675
,-1.583093787,-0.050372762
,1.545939482,1.536797916
,1.412561282,-0.406353329
,0.015699296,-0.595207569
,-0.587810024,0.116858237
,-0.920101143,-0.844311318
,1.104164723,0.367302016
,2.12613389,1.355234239
,0.804290593,0.665795209
,14.62253695,0.241141401
,2.201718583,-0.389106215
,-0.805304197,0.564243564
,0.091249872,-0.249980508
,-0.348054737,-0.76883516
,-2.408369744,-1.627899521
,0.520984804,0.035051924
,-0.561178155,-0.428785288
,-0.411743341,-0.672482779
,1.65013908,0.251424727
,0.435764939,-0.33930909
,-2.108331416,-1.117507305
,0.652781548,-0.576240872
,-0.147174071,-0.441354366
,-2.576878271,-1.51657978
,-2.087021876,-0.741520133
,1.972466454,1.590868399
,-1.282778286,0.048621906
,0.901509536,0.169227016
,-0.943313192,0.137908064
,-1.097811216,-0.216798114
,0.869896517,1.101805554
,-2.604045463,-1.443862957
,1.743545376,-0.227926088
,-2.227434214,-2.495129542
,3.004084023,0.010954847
,-0.635842974,0.571051437
,2.056468868,2.278777614
,0.531576724,-0.010647043
,-0.14636254,0.808142084
,-0.910391141,-1.270042346
,-0.036959254,1.15833899
,-0.783954855,-0.70480302
,-0.130480938,1.075659287
,1.802271044,1.028474547
,1.954665485,0.14437036
,0.613400473,0.976783429
,-0.451849552,-0.168778047
,-1.104633491,-2.251320771
,0.718272444,0.714898941
,-0.945215163,-1.608350252
,2.486213995,0.476136776
,0.00442967,0.894478191
,-1.928772149,-0.21120287
,3.131514138,2.461479365
,0.423887266,0.245629246
,0.091529699,0.621277174
,-1.081944463,-0.469804195
,-0.889167786,-0.94774184
,0,-0.164017634
,-2.497038055,-0.815912161
,-0.516138361,-0.001492404
,-1.38797978,-0.499957405
,1.39713996,1.636275885
,-1.095777094,-0.231699541
,0.425000882,0.738235559
,0.248622599,0.665827507
,3.922600547,0.271341564
,0.932979985,-1.011262084
,-1.003749594,-0.894897852
,-1.322812777,-0.908205024
,-2.722334062,-0.031391076
,1.354522157,1.640566295
,7.573649375,1.890081436
,-0.519639957,-0.048347653
,-1.188787943,-0.43261731
,-0.519998165,-0.29041929
,-0.553035765,-0.753196341
,1.786299809,1.886128802
,-0.417944991,0.232656056
,1.092346632,0.509376337
,-0.925811593,0.062063372
,-0.136626696,0.041359991
,-0.561256804,0.218605046
,-0.133278035,-0.125268525
,0.322144468,-0.012815416
,1.797713571,0.113899121
,1.724578722,0.707542076
,-0.157443271,0.187038345
,-0.340585141,-0.002117484
,-0.375160504,-0.350366686
,1.512829174,0.022637742
,-0.784645359,-0.810499947
,1.864763437,0.643398847
,-0.743379231,-0.048913479
,0.893830004,-0.080850863
,0.409543385,0.084399268
,-0.36485791,-0.78364299
,0.829143046,0.506047006
,-0.157210147,-0.116663957
,-0.671932898,-0.106823165
,2.074030911,2.022953682
,3.04027557,0.404179511
,-0.79423115,-0.616680573
,-0.553865998,0.313005242
,-0.015643653,0.20905056
,1.787313767,1.617817171
,0.395006953,0.395113577
,-1.259472835,-0.312958346
,0.290275966,-0.128059505
,1.12600119,0.118485206
,-0.333019127,-0.054087995
,-1.288895286,-0.00753223
,-1.042427687,-0.223514954
,-0.922608742,-1.055738954
,-1.111281017,-0.575325354
,2.733942679,0.960272762
,-0.888612054,-0.448780791
,-0.91245947,0.264799747
,-0.561068302,0.087190689
,2.100682142,0.361785713
,1.762280743,0.714882161
,-0.755327865,-0.03216406
,0.212527078,-0.346272396
,-3.176609561,-0.994018254
,-2.407617798,-0.620725496
,-0.314795129,0.019537028
,-0.76452343,-0.297054496
,0.748140137,0.804547071
,-0.098332796,1.021755577
,1.444789574,0.410860597
,-1.07243947,-0.244671963
,-2.000687931,-1.671014501
,-2.625842544,0.043948576
,0.226451849,-1.454923502
,-2.515254881,-0.309015223
,-2.467951385,0.299106516
,6.646563619,-0.072924807
,-2.271235513,0.015586771
,-0.322560116,1.086721285
,0.120543756,-0.942371849
,0.818431564,0.216147163
,1.36898279,0.78225092
,-2.342426443,-2.399048464
,-2.050524364,-1.227993293
,-0.458497471,0.169725141
,0.070675828,0.013047886
,0.057388484,-0.399338348
,-1.623885745,-1.39488704
,-1.05963836,-0.159481582
,2.077095054,0.482827486
,1.969558971,1.966737691
,1.756282364,0.066316648
,1.801621404,0.231749315
,0.77421072,1.294220199
,1.54707946,-0.203164402
,-0.090345785,-0.524029393
,1.512742977,0.782533126
,1.669448845,0.426055324
,0.309941832,0.016249466
,-0.684743701,-0.475651933
,0.859160836,-0.171127571
,0.580513809,0.158360732
,-0.232595062,0.330113578
,-0.03947221,0.291666208
,-2.195521652,0.033850357
,1.17162114,0.652753132
,0.425910886,0.044813888
,-0.202777352,-0.634148977
,-0.823279365,-0.41439756
,1.856727218,1.180068783
,2.543594939,1.142118587
,-0.929810157,-0.761814524
,1.351349779,0.547310413
,-1.766948052,-0.942294446
,0.659498055,-0.244327881
,-3.939391584,-0.47989567
,-0.128791018,-0.121918459
,-1.268535139,-1.111144576
,2.294225063,1.680002678
,2.534671915,2.508611628
,0.453678818,-0.208779554
,0.258865741,0.485330026
,3.529487205,-0.312800322
,-0.777801399,-0.324763971
,-0.011262365,0.265234596
,-0.379924848,0.756869971
,0.97510749,-0.004751492
,1.771925282,-0.093110483
,-0.304800556,0.112803322
,-1.098323291,0.019697247
,0.574710241,0.562706019
,0.604492803,0.339749234
,-0.711770448,0.441833222
,-0.772813451,0.150634192
,1.975803786,0.00066142
,3.778366509,0.54307089
,-2.83931757,-0.185133412
,-5.85189127,0.509300371
,4.656542166,-0.390724475
,-2.697748363,-0.256659223
,-0.18850147,1.000251349
,-1.91250787,-1.16058327
,2.62318974,1.036263214
,-1.765279481,0.054901982
,-0.761795226,-0.180703075
,0.658779404,0.564199454
,-1.82608548,-0.060630128
,0.577629871,0.159400117
,4.078793503,0.059208755
,-0.085393261,0.069043338
,-1.553376212,-0.104562791
,1.742622826,0.730969422
,-1.245911362,-1.248171128
,-0.176576356,-0.632300532
,-0.195720096,0.873421362
,-2.113203925,-1.847927558
,-0.196448658,0.609087631
,1.488715086,1.264569924
,0.386711515,-0.086445312
,0.554708337,0.232115915
,2.735623998,0.460012655
,0.903964999,0.952055194
,-0.655281745,0.108392514
,0.032865046,0.181484373
,0.113123152,0.447112875
,-1.081730308,0.324381887
,1.059846372,-0.240614589
,0.353222508,0.131318976
,-3.461634021,0.558735156
,-1.486107804,-0.161977356
,-1.512407591,-0.552556996
,-0.575545413,-0.242546988
,0.338724066,0.667516374
,-1.523518224,-0.831692368
,1.706032303,0.714864392
,-0.673459943,-0.334562979
,1.661769733,0.775496376
,1.898799512,-0.058852309
,0.447546601,0.404846287
,-1.848189411,-0.448361657
,0.651526137,0.515893386
,-1.642616794,-1.060213348
,0.019296289,0.404027897
,-1.39927311,-0.430414506
,1.349092617,0.628295877
,0.842168021,0.353806577
,1.380476363,1.211544326
,1.900478825,0.35459564
,1.112920167,-0.284079798
,-1.9053811,-2.323412504
,1.710960904,1.420584087
,-1.830562878,-1.443131335
,-3.029722221,-0.672355635
,0.346325034,0.880898928
,1.233138741,0.465079822
,2.009648319,1.036531262
,-0.044634356,0.000634032
,2.178643939,0.402661449
,-7.516147524,-0.184381184
,-2.009776484,0.71603153
,1.616555102,0.248181746
,-2.223022811,-0.935147258
,1.725354117,0.936400403
,2.15440573,1.047956387
,-0.907021828,0.190596109
,0.782946819,0.52166392
,0.367918152,0.413053858
,0.570509222,-0.369391775
,1.324978219,0.431234363
,0.333247165,0.004288884
,1.433842229,1.009106679
,-0.661816639,0.51011032
,-0.919582508,-0.502233163
,2.16479714,1.024741198
,-0.844604952,-0.070786862
,0.458529396,0.172090461
,-2.21888471,-0.830807391
,-0.442108749,-0.292811521
,-0.022920122,-0.055151739
,2.098263855,0.63209621
,-0.660642008,-0.70729367
,0.48838779,0.366362522
,0.884293957,-1.441057696
,-0.865550444,0.591844004
,-0.443123998,-0.552604797
,0.551731064,-1.387555487
,0.246719377,0.845445465
,3.319566154,1.274991435
,1.505570965,-0.034687343
,-2.263299968,-1.020526436
,-1.138263157,-0.840477669
,1.505159689,1.467606859
,-0.65481663,-0.590240114
,1.474533767,0.753887581
,1.321876969,0.776096371
,-1.285917816,-1.39483014
,-1.71142754,-2.532842483
,-0.029267375,0.266621949
,-1.01109384,-1.221936903
,0.545426468,0.945245626
,1.994029963,0.954479
,-0.007212495,0.618069105
,0.050433688,-0.429878906
,1.575624849,0.538919983
,0.576148122,-0.054505676
,0.105674237,0.082370782
,0.649229698,1.015004603
,1.634116538,0.523780504
,0.32295878,0.720366172
,0.274034364,0.018157607
,2.47652553,1.346321312
,2.598912467,0.30817297
,-0.319149951,0.137393539
,0.097805172,-0.371565528
,0.591335471,0.27702064
,-1.494811481,0.502034175
,0.367619808,0.160875576
,-0.57498801,0.203096226
,-0.800617293,-0.185365349
,-0.706668274,-0.381850318
,1.480915609,0.255321023
,2.798322349,0.082795119
,-1.912340508,-0.374303396
,-1.212813978,0.037374715
,-0.394282767,-0.013641883
,1.433800974,1.246258844
,-0.446068503,0.163911419
,-1.064121443,-0.14809307
,-0.079765353,-0.573947311
,-1.285027881,-0.38131257
,-0.394841992,0.38779209
,0.512655423,-0.357634773
,-0.191938097,-0.115358572
,-0.921010467,0.277220973
,-0.898676843,-0.519006291
,-1.685713417,-1.438456533
,-0.577639575,-0.331006748
,0.262978108,-0.591777768
,0.530853407,0.38139131
,-0.881644792,-0.579636961
,1.797019919,0.858244168
,0.096594684,0.393924187
,-1.318966396,-0.404783941
,-1.86202726,-1.600153934
,0.23110498,0.274387763
,0.848729902,0.196147664
,-1.062032031,-0.317936704
,2.74508339,0.415557533
,1.662021286,0.808418761
,0.156528764,0.120913154
,0.59664528,0.005442973
,1.292899167,0.994328214
,0.216639485,0.731894031
,-0.239990115,0.304763482
,-0.260661802,-0.338614186
,-0.31501484,0.271100148
,-0.626290799,0.567700868
,2.702466864,0.420886949
,2.551253546,1.210412169
,0.009613678,-0.184465432
,1.362210129,-0.724305417
,-1.545036901,-0.473075873
,0.8439726,-0.260052157
,-0.472259406,-0.274322491
,1.734431955,0.34793656
,-0.665476407,-0.40821217
,-1.072147347,-0.604747988
,2.623296831,0.796672458
,-0.137187682,-0.066689194
,-1.810303289,-0.901997254
,1.350603955,0.702846681
,-2.864745122,-0.854274761
,-2.217743402,-1.240874996
,-1.662659196,0.057374158
,2.30040032,2.159562337
,1.857015913,0.626659528
,-0.061134509,0.406644145
,-1.393643674,-0.708878958
,1.326024424,1.373280403
,0.090139081,0.672131421
,5.679188755,0.65274057
,-0.759877016,0.009173211
,1.851400995,0.572111637
,-1.75341936,-0.47357532
,1.654128491,0.325283831
,8.970940699,0.438521482
,-1.449685387,0.132881605
,1.259625427,0.556866132
,-0.447657495,-0.488784937
,0.813677465,-0.384677083
,-1.391389059,0.289921465
,-0.072452424,0.356419934
,0.04181124,-0.280953084
,-0.757977525,0.425646841
,-3.607443832,-1.32704361
,1.945670797,1.333820883
,1.155132679,0.072267046
,-1.37804058,-0.237320587
,1.895912828,0.806275295
,3.090263613,0.482559676
,0.480612132,0.42131465
,-0.81322811,-0.370505275
,-0.339203468,-0.204505518
,-0.651538358,-0.3642236
,1.73622752,0.809570572
,0.91469816,0.49491904
,1.156302869,-0.126414118
,1.248015549,0.01497935
,1.390501546,0.248199842
,1.771092935,-0.078599797
,-0.335914157,-0.272272399
,-1.9666985,-0.319795599
,0.337387621,-0.130434301
,-0.381595904,-0.434901621
,0.637776193,1.117519514
,-0.533789858,0.181545108
,0.748054777,-0.31847249
,-1.452029354,-1.138139744
,-0.246254446,-0.377768855
,0.781200341,-0.010141545
,1.223489106,0.630015226
,-0.339936721,-0.31058059
,2.121031813,1.651090578
,-0.194650635,-0.058009697
,1.75828402,0.480715505
,0.178855616,0.530402892
,-0.927548884,0.291150427
,1.291722144,0.473430503
,-1.572683849,-0.033664149
,-1.190232538,-0.017926989
,1.368435304,0.395185632
,-0.205835704,-0.890141308
,-0.385191749,-0.033302033
,-0.71133161,-0.251492693
,1.111598233,0.606334518
,0.972571937,-0.021223169
,-0.22667066,0.034824873
,-0.83890107,0.230403036
,-1.694094297,-1.265596649
,1.663914469,1.075987628
,-0.42097187,0.515288913
,-0.017685905,-0.134802836
,0.95800311,-0.39027806
,1.844696459,0.276991243
,-0.618535717,0.057469977
,-1.161115959,-0.892932454
,-3.116558628,-2.10964215
,-0.341140299,-0.488822159
,2.087917449,0.612187539
,-2.627838543,-1.026170401
,4.779811878,1.120404424
,-11.65028891,-0.648628989
,-3.558632149,-2.30966046
,0.518663599,0.761204338
,-0.432028307,-0.203028211
,2.322363846,1.236305442
,1.813732325,1.32141936
,-0.058173561,0.156800464
,0.254618906,1.100137584
,-3.527595974,-0.026929852
,2.250788446,0.579321182
,0.041982786,0.479768948
,-1.040800394,0.115780346
,-1.78884105,-0.65458619
,0.694223226,0.601334167
,-0.872860144,-0.192056651
,1.437305052,0.616745536
,1.842048407,-0.134859055
,0.412182673,0.002169971
,0.09168031,0.493588147
,0.545534208,0.277882422
,-0.642770259,-0.740586636
,1.138635738,1.515232283
,2.300888206,-0.005335244
,-0.056409011,0.171693312
,-0.026875386,0.05379447
,-0.41207158,-0.046335358
,-0.462567129,-0.509509694
,0.492254245,0.030512417
,0.234452703,-1.177009151
,0.598453312,-0.282576645
,0.347236921,0.95677176
,0.989642072,0.719368227
,-1.47342506,-0.615052484
,-1.147953843,0.602233396
,-2.289058415,-0.293697999
,-2.461979302,-0.487658143
,0.809556338,0.4394271
,-3.23754486,-0.702493667
,-1.448961516,-0.19018916
,-0.05319227,0.462948921
,-0.569181268,0.789287154
,1.948953336,0.70146882
,-0.300751823,0.284926336
,-2.46911391,-0.112708475
,-3.235028252,-1.261654308
,-1.63559109,-1.080831246
,2.887782434,0.374353805
,1.438827324,1.085903946
,-4.531384037,-2.110596792
,-1.711120572,-0.953205993
,1.331991174,0.818370818
,0.053792942,0.673457946
,2.376004682,1.043386842
,0.379288142,0.136292371
,1.817730066,0.376801562
,-0.469559019,0.40837889
,-1.449794485,-0.221576677
,3.799591855,0.17154879
,-10.40596257,-0.812934478
,-2.415133896,0.323081154
,1.273140371,0.474946032
,1.240690159,0.298754974
,1.228736703,-0.01432715
,0.03896574,-0.1349355
,0.660125365,0.18694673
,-4.172273701,-0.902903121
,-1.582847204,0.560075475
,-1.511132834,-0.13745692
,1.350434957,0.151832288
,3.569525473,0.96262562
,0.586019784,0.042166892
,-2.331331264,-0.471208963
,-0.819826461,-0.940590381
,0.846708474,0.373996241
,-0.316254331,0.383741435
,1.481753647,-0.651960461
,1.260329426,0.808334042
,-0.032793153,0.235944423
,2.375542663,0.423939289
,-0.455810184,0.596995027
,-0.212568275,-0.111469281
,1.160379396,0.535275866
,-0.392768223,0.184198045
,-1.19410875,0.072756167
,-0.535687532,-0.037928875
,-0.133558011,0.188987679
,5.328462041,0.650408209
,1.867669809,0.461708331
,-0.660413849,0.093833131
,1.488110372,-0.024601415
,0.835824561,-0.354331094
,-2.81061225,-0.711413945
,0.110394382,0.312965929
,0.412915919,0.083635527
,-0.612334297,0.217021248
,2.654704381,0.768924304
,-2.231791487,0.12766633
,-0.859952458,0.172856368
,0.933316977,-0.013247297
,-0.945658269,-0.645610656
,1.006760489,0.488555751
,-0.535882344,-0.117957912
,-0.344476392,0.190904512
,0.064677602,-0.037232627
,2.316099646,0.665557299
,0.138293265,0.065859616
,1.384389454,0.546455008
,-1.174310743,-0.393123906
,-2.963582533,-0.707376194
,1.884482642,0.463351649
,-0.623202843,-0.413962815
,5.424696156,0.14698417
,2.60021342,0.483186108
,-0.247972678,-0.193396493
,0.411069084,0.419228501
,-0.974097339,-1.190460584
,1.746607341,1.021260911
,0.306229459,-0.232294651
,0.299746544,0.500361096
,-0.751062241,0.175290104
,0.131139189,0.048803646
,-10.14609948,-0.486094572
,-1.11729722,0.028811321
,-0.128044238,-0.453806841
,0.781317872,0.006091086
,-2.996296532,-2.020193198
,-1.912804748,-0.286321647
,2.12345337,0.716331454
,-0.424936978,-0.973267904
,0.501432821,0.001563827
,-0.780380362,-0.557211548
,1.703177183,1.14654228
,0.481791765,0.275562496
,0.310521698,-0.16379824
,2.156214867,0.668476726
,2.101698947,0.433639827
,0.125971465,-0.006137475
,0.269394917,0.849548289
,0.179197251,0.498819051
,0.193764946,0.247474819
,-0.858398543,0.29455471
,-0.397294127,-0.199457507
,0.730158456,0.47763541
,2.311266093,0.10505291
,0.394157103,0.004998575
,-0.92506634,-0.16913306
,-0.288628599,0.331491439
,0.980312488,-0.054421431
,-0.992113857,-0.077944446
,2.029418325,-0.153559956
,0.12421621,0.502324794
,-1.173206915,-0.307784592
,-3.746959199,-0.656652171
,0.478002674,0.36394436
,-0.244767979,0.088151688
,0.202509631,-0.598040544
,-2.228823657,-0.071040366
,1.187766546,0.745650703
,-1.153814796,0.129480517
,0.308166654,0.48792571
,1.925951453,-0.047738354
,-2.079916071,-0.804560236
,-0.268463276,-0.579324981
,1.405271661,0.780197661
,-1.931951113,-1.630091347
,0.396813005,0.853926145
,-0.430983413,-0.255005098
,0.192467384,-0.278981666
,-1.556528082,-1.333710617
,0.298807528,0.000514345
,1.350714145,1.110363529
,-0.167450654,-0.156638594
,-1.633379288,-1.524161826
,1.788442114,1.731094746
,-2.29765994,-2.08778486
,-1.270034282,-1.151708
,-1.599154493,-1.660503339
,0.605111473,0.157761971
,-0.761870262,-0.813330076
,-1.02164582,0.014496745
,0.257223555,1.280181338
,0.842827314,0.910111612
,2.934855658,1.938537055
,-0.751232578,-0.732610069
,0.067074027,1.222830576
,-8.708683659,0.70286903
,1.008622663,-0.150269679
,1.919587267,1.186836459
,-0.498551514,-0.138631599
,1.668985278,0.621079695
,2.114112457,1.166311453
,0.085084597,-0.01189288
,-0.956411413,-0.283385325
,-2.099090682,0.568431071
,0.040470025,0.376840382
,1.07963161,0.034952512
,1.735666912,0.311532711
,2.236295247,0.069645166
,-0.160379809,-0.070136272
,1.582861065,0.05297044
,3.520461542,0.024024123
,-1.465762576,0.073508878
,0.580268011,0.512084958
,0.494272729,-0.150228681
,1.217522768,0.196516387
,0.630306822,0.52232126
,0.900842553,0.285992976
,-0.178924715,-0.115069156
,-0.439719518,0.280205255
,1.508488114,-0.254566438
,-3.804025914,-0.685278974
,0.095046228,0.636416704
,-3.052460206,0.375767369
,0.135766563,-0.116257161
,-1.366050855,0.166383145
,-1.934592868,-0.728302186
,1.892999919,-0.02378522
,-2.154239287,-1.648612084
,0.495757391,0.452543377
,-0.013007744,-1.634646579
,-0.407571595,-0.636278619
,-3.663513812,-0.852526004
,1.286345306,2.014807354
,-0.385509929,2.373137448
,0.726199327,0.455963803
,2.189921618,0.380322262
,-0.081588697,0.174483872
,-1.070058775,-0.013930621
,1.980067647,0.330411012
,0.949892988,0.086140303
,-0.559188078,-0.49005927
,0.016117941,-1.036438389
,-0.591407678,-0.034002139
,-2.073067017,-1.844721348
,-2.309801045,-0.893325484
,1.054397899,1.156273582
,0.681266991,1.773016854
,-1.181820647,-0.843932215
,-1.876517322,-0.812661693
,1.136235387,-0.25818857
,-0.499992896,-0.583002859
,-2.178562252,-0.929090321
,1.312133623,1.333489319
,-0.448133405,0.154875249
,2.662550701,0.472046488
,4.303051012,1.515431296
,0.664840954,-0.550665629
,-0.877752092,0.256516823
,-0.944185072,-1.347828778
,-0.930146549,-1.358750299
,2.556618957,0.948951715
,12.84951581,-1.307709912
,2.765128047,1.287917032
,-0.252744019,1.433623823
,0.329538131,-0.416470631
,2.474948922,1.023881082
,0.104250111,-0.342402769
,-0.998880819,-0.425623957
,0.65630501,1.061897972
,0.572090997,-0.002903421
,0.539671904,0.959829498
,1.227940067,0.406645934
,-1.690343226,0.159629986
,-0.550214538,-0.03143585
,1.496633339,-0.106262197
,1.222054905,0.610784288
,-0.921710875,-0.030338535
,-0.408583062,0.27549723
,1.775008401,-0.076601694
,-0.148021117,-0.147711854
,-1.213146035,-0.296068294
,1.436393541,0.610623838
,-0.272636781,-0.454887294
,-0.492614092,-0.439816123
,1.326341183,0.119536536
,-2.01590095,-1.427535622
,-0.403348075,0.393666242
,-2.419674482,-1.71068212
,-0.853409261,-0.19195207
,2.125353804,1.252270224
,-0.982796534,-0.609323717
,0.744702278,1.3442909
,-0.383752122,-0.332569766
,0.862051728,1.208510164
,-0.507771204,-0.48844889
,1.396800846,0.897238213
,-0.897034973,-0.174725671
,-0.272287682,-0.615834576
,-0.840218366,-1.466592644
,-0.977912742,-0.238033099
,0.870028115,0.236576112
,1.081671429,1.216238231
,-0.666943236,-0.88346859
,-0.495716291,-0.39732546
,0.5360183,0.352345253
,1.278563492,0.658707253
,-0.699984215,-0.206403268
,1.797273893,0.267894145
,0.611973805,0.444757621
,-0.232322374,0.518937692
,-0.075818361,-0.459180684
,0.716643485,0.162843214
,-0.431970331,0.513498908
,0.673174885,-0.077874696
,-2.752277429,-1.137570391
,3.647132453,0.919274825
,0.427822962,-0.148170237
,-0.353403793,0.507458291
,0.048731584,0.235494098
,13.21779174,0.225026646
,-1.480236151,-0.414991299
,-2.131736396,0.276540449
,0.01397424,-0.374734808
,-1.783515772,-1.018055308
,0.258094267,1.086377642
,0.040196712,0.293643307
,-0.438271546,-1.190800322
,-0.497447379,-0.446568134
,1.839338575,0.376671063
,1.582704277,1.336814815
,-0.193873625,-0.510255668
,-0.42367943,-0.295399647
,-0.967496171,-0.030500142
,1.259401861,1.072160465
,-1.463417785,0.076811844
,-0.178565437,0.304331261
,-0.833583923,-0.064358158
,0.508532397,-0.093094923
,1.816557472,0.233514558
,-0.931040395,-0.223638479
,-0.506390482,-1.033520518
,1.388768111,0.912091879
,-1.130562721,-0.126756373
,0.621643494,-0.633851495
,0.392955677,0.205734308
,0.016237658,-0.100910478
,1.290966566,0.211662914
,-1.33970138,-0.866056199
,-0.893057817,-0.143721534
,-0.811342437,-0.649556042
,0.466445514,0.04182655
,1.23563102,1.197049184
,0.509416441,0.173711664
,-0.706926874,-0.701887465
,-1.464429411,-0.463328925
,0.843786963,0.567373031
,0.128641648,0.197768423
,2.670826841,0.985400014
,-1.02252995,-0.531761524
,0.314504447,0.607636825
,2.198932734,0.063566618
,-1.161451907,-0.73804657
,-0.16800013,-0.29780039
,-0.455477893,-0.039015605
,-1.898766913,-2.108696919
,0.979233727,0.265496194
,0.757340325,0.69120967
,0.073129017,-0.030807039
,-0.382256717,-0.386923244
,0.155825686,0.606256053
,-1.620494106,-1.679296482
,1.085546392,0.22596477
,2.077758933,1.22629861
,2.682902558,1.100526876
,2.171307885,0.444327299
,-0.945236646,-0.073525638
,3.051473332,0.798273358
,1.571253483,0.110557185
,1.048293711,0.077093629
,-0.020490933,-0.427079607
,0.055310316,-0.239056521
,-1.255103521,-0.569221021
,9.346456178,-1.07610207
,0.375176497,-0.57917547
,-1.017550009,1.23100736
,0.56301314,0.729214276
,1.4562654,0.002836716
,-0.113706843,-0.227410384
,-0.209114314,-0.276069403
,-0.586732742,-0.225223931
,0.956118806,0.310983841
,-1.415907416,-0.778319578
,-1.30030478,-0.287902322
,0.263707135,1.272683598
,0.658139048,-0.960306502
,-0.29430307,0.094960389
,0.710519618,-0.127602575
,0.350562377,0.390433204
,0.693695909,0.519789155
,-0.037365638,-0.262898268
,-0.393287956,-0.828913667
,-3.269091299,-2.132596048
,-4.21938903,-3.236924211
,-6.496062368,-4.021144449
,0.645343955,-1.361424996
,7.11675921,3.829129974
,3.454237148,2.400725428
,-0.069469695,0.060855119
,-0.993313992,-0.842707846
,-3.239736416,-3.002264977
,2.782449018,1.812767103
,-1.148473045,0.116411594
,-1.139772629,-1.544830866
,3.648067858,2.477363695
,-0.12566594,-1.399503571
,1.029711825,0.526407545
,1.369261476,0.447700656
,-1.534069586,-0.409804146
,0.18969874,1.274968787
,0.956420176,0.866774083
,2.153400392,-0.256434473
,0.257617852,-1.629623102
,1.493621634,0.455539234
,-1.83849171,-1.239493029
,-0.433706029,-0.205074399
,-0.433719807,-0.336865211
,-1.795889476,-0.046590159
,-3.927336515,-2.600121101
,-1.597824473,0.123209376
,3.13927276,1.889589835
,1.710262606,0.197193868
,2.244555725,1.421379299
,2.070285479,1.812459379
,-1.146931281,-0.35946894
,0.82637851,0.80035198
,-1.63337818,0.877978032
,1.237716226,0.072484859
,1.90649984,0.127466433
,-0.234735747,-0.684882392
,-0.744246868,-0.472743083
,3.181061468,1.47435513
,1.46843583,0.456006137
,0.417868085,0.027050903
,-2.164051662,-0.142210074
,-0.915241223,-0.584244934
,1.454004083,1.649084733
,6.041711233,1.096995369
,1.586591509,-0.191493266
,0.393569818,-0.255738583
,0.991770442,1.177048845
,1.519751402,-0.04498756
,-0.103790818,-0.482148184
,0.390664559,1.180387662
,-0.48497743,0.272435281
,2.470394591,-0.355166672
,2.26756771,-0.113278978
,0.565767953,-0.034768203
,-0.590179381,-0.987129063
,0.637182605,0.150945536
,2.036187334,-0.323330746
,-1.142787824,-1.408916319
,-3.555556433,-1.127064061
,0.846415128,1.479330263
,-0.698628063,-0.134027702
,3.09779454,1.603323002
,-0.342684645,-0.112374038
,1.079935867,0.380295545
,1.56447678,-0.123562385
,-1.161369049,0.122125009
,0.622361305,-0.012914091
,-0.308470798,0.059344145
,-1.264537427,-0.465179999
,2.122326046,1.062393909
,-0.450160233,-1.105659262
,-1.454290815,-1.447782665
,0.954531507,2.031785626
,-0.418631632,-0.701404394
,1.113464963,-0.65110524
,-1.868745564,-0.776908648
,-0.372233482,0.224885641
,-3.404627202,-1.961386759
,2.736554143,0.474428792
,0.110902295,1.056258022
,2.567568529,1.441063557
,-0.760538392,-1.515477629
,-0.975443392,-1.795749509
,0.055694879,0.774830644
,-0.204869687,0.877809594
,0.08290131,1.234159635
,-0.137209349,-0.159991549
,1.855079632,-0.218093634
,2.741972906,1.057366397
,-0.708581759,-0.724339879
,-1.931250943,-0.945648504
,-5.927642194,-1.542204169
,-0.503630659,0.201020426
,-0.180025,-1.320216292
,-3.98411884,-2.398581654
,-0.146505595,-1.089753769
,1.745650055,0.085290848
,0.024283159,0.777251424
,-6.016654185,-2.528237538
,1.905046848,1.655806118
,-3.924231082,-2.183577282
,0.751316081,0.053168019
,-0.472840139,-1.176276603
,0.566800999,0.518198854
,3.647319859,2.008072679
,0.025152609,-1.576154498
,0.788123915,1.404523792
,-3.022351329,-1.092292245
,8.538868225,0.551335062
,-7.915117055,2.445865106
,-2.09852719,-0.044333466
,-4.031040211,-1.892096893
,-3.883529334,0.497962002
,0.972528426,0.152556836
,-6.576007647,-1.86541581
,-2.833874508,-1.425505823
,-1.243096894,-0.066384039
,1.729517964,-0.018896835
,2.683454944,-1.237744717
,0.644968112,1.933001508
,2.727315943,1.638173787
,2.464112655,1.63461105
,-1.718477982,-0.4676632
,1.868159581,-0.002603341
,4.496366935,1.435073125
,-1.179402759,-1.253257733
,0.198734644,0.442995988
,0.200154413,1.128436655
,0.014401556,-0.187186515
,-0.489273826,-0.815413142
,4.688185379,2.358838585
,0.201862307,0.408594957
,-0.469903598,0.34926342
,-0.407759341,0.330043996
,-2.168921158,0.088462304
,-0.452332437,-1.130375605
,-0.141112437,0.503967278
,-0.0965626,0.015579253
,1.892766061,1.626254553
,0.657933407,-0.126176824
,0.634573875,-0.183863097
,-0.477725879,0.558472788
,-2.616341686,0.657358301
,-1.324329287,0.43959671
,0.343555481,0.098509213
,1.166497486,-0.087777298
,1.619351226,-0.640650958
,2.311440394,-0.037814201
,-0.52975081,0.054510717
,2.383964423,0.877801208
,0.810036219,0.43408798
,-0.847083798,-0.204184239
,0.81534247,0.631095904
,-0.891176923,-0.321347981
,-1.195606129,-1.019629848
,2.68316606,1.045279785
,-1.78470337,-1.204807401
,0.534554882,0.278270289
,0.223432856,-0.274354621
,1.207585377,0.961575414
,1.91305009,0.999006968
,0.959887096,0.017291223
,0.824623639,-0.098476966
,1.50013296,0.651972589
,-1.179503403,0.307973793
,0.807365209,0.07612548
,-0.314874589,-0.520756292
,-1.67802579,0.004785874
,0.914422341,-0.181368959
,-1.499530443,0.187100012
,-1.685437404,0.164799403
,-0.756270428,-0.92736357
,9.136102549,-0.507594934
,3.612008943,0.777960679
,-1.849262636,-0.871449965
,-0.062580353,-0.595458271
,-1.775999364,-0.023903651
,2.229580529,0.316961067
,0.856914152,0.075321291
,3.373138655,1.240636564
,1.434745093,-0.960752305
,0.656814051,-0.01694795
,-1.121979782,-0.851443413
,0.104181403,0.974897651
,-2.189378962,-0.945586347
,0.313055565,0.020515771
,0.153299596,-0.371359461
,0.610849953,0.600145908
,-0.864567288,-0.208763642
,1.06357574,1.358863776
,0.587586418,0.695052943
,0.921833493,-0.021046586
,-0.374170365,0.427769497
,1.470377387,-0.10057689
,-0.464555871,0.113439868
,1.215751608,0.282069634
,-0.371447559,-0.291606226
,0.163881689,0.488532838
,-0.412279371,0.128861577
,0.399899179,0.330410179
,0.138900651,-0.171923573
,-1.347602095,-0.921753236
,-0.372603867,-0.814829842
,0.566036346,-0.180050544
,-0.703144448,-0.184240889
,0.453984304,0.3128093
,-1.561938462,-0.326328389
,1.072946771,0.579138264
,0.253176664,0.270839044
,-0.731909867,-0.165292891
,1.602630981,1.327556698
,-3.254241216,-3.658079272
,-1.093289698,-1.826224645
,2.371283619,1.761412172
,1.074783141,1.688924311
,0.002797474,1.347386272
,1.395984383,0.194670641
,0.332923178,-0.687102882
,1.297684086,0.533868675
,-0.141092428,-0.087195783
,1.246658838,1.513818657
,1.062971332,0.340281942
,-0.741687008,0.698484255
,-0.748577038,0.013475865
,-0.192743566,0.524542263
,-0.780154833,-0.092937917
,0.085627014,0.237946212
,0.525740015,-0.143620483
,0.776752317,0.426120867
,-0.173134027,-0.361907001
,0.057744565,0.45436266
,-0.707326116,-0.301601882
,-0.545006496,0.032273254
,0.146707265,-0.119926117
,2.140713777,0.160492069
,0.820426863,0.162998009
,1.16997071,-0.127059426
,-0.936979867,-0.6381941
,-0.784048825,0.312904282
,0.809027035,0.021254933
,0.682492906,0.85666972
,0.07569369,-0.090757701
,0.228032441,0.038971769
,0.032533656,-0.286879706
,0.348096471,0.472341518
,0.171007686,-0.079636328
,-0.528213555,0.278901606
,-0.58074225,-0.549414222
,0.077194821,0.18668463
,-0.022233223,0.219720177
,-0.93970528,-0.144130987
,0.286128404,-0.05634816
,0.390298606,0.194986683
,-0.684349839,-0.525405529
,0.259810236,-0.136616007
,1.279941723,-0.15800644
,0.29734397,0.521442854
,-0.48216785,-0.195559158
,0.205624447,-0.23786911
,0.189640399,-0.00413855
,0.235895927,0.419224158
,2.104719696,0.297724237
,-0.5580483,-0.014639577
,-0.053550692,-0.222548806
,-3.098289891,-2.48277423
,1.482105042,1.457038701
,-1.367718547,-1.494174803
,0.010514026,-0.05878494
,1.123618719,1.005851634
,1.140686808,-0.377942796
,-0.440268474,-0.001860327
,0.65838717,0.029909368
,1.212787068,1.085800014
,1.876578736,0.647875217
,0.130396863,-0.575329331
,-0.821237845,-0.862484977
,2.098798917,0.642349517
,1.533317534,0.528257635
,0.039814572,-0.936512756
,0.991391743,0.793639272
,-0.068099283,-0.326602348
,-0.324396936,-0.496788182
,1.230951847,0.428748612
,-0.320282603,0.048144429
,-0.26530184,-0.325878777
,0.271248127,0.459533038
,-1.280576815,-1.252457787
,0.371154772,0.114593259
,-0.578345316,-0.31040765
,-0.765026586,0.020158386
,-1.223800175,-0.304261789
,0.576477973,0.614150577
,0.004889258,0.218957197
,-0.90540541,-0.137667105
,1.064262154,-0.008414524
,2.305366394,0.473859464
,-0.34782634,-0.380495746
,-1.518933013,-0.17419277
,-0.515561271,-0.29911961
,-5.273750393,-0.311314016
,1.724026493,-0.012228399
,-0.559924021,-0.681001881
,-2.559825049,-0.654688479
,0.191836228,-0.443321288
,-1.574199551,-0.166752005
,3.881057659,2.198019978
,0.358624772,0.376487837
,-2.035167663,1.10161198
,-3.896785582,0.194884539
,-0.4549782,-0.139892821
,-2.735274603,-0.011550946
,3.306027375,0.745295529
,0.436321374,-0.15835169
,1.318816087,0.466546946
,0.495853341,-0.238965144
,2.576501776,0.743370239
,0.681011358,0.216309076
,-0.665628566,0.080769848
,0.032041218,0.390674563
,-1.758124692,-0.526838928
,-0.555814898,0.133440217
,-1.579583667,-0.265693032
,-0.926240089,-0.352172321
,-0.44609497,0.03969277
,2.536637689,0.580442703
,0.703376234,0.340508423
,0.742608279,1.307735911
,-0.401881991,0.215701468
,0.173172526,0.592141858
,-1.1172395,-0.113808213
,1.853477952,0.65184833
,-0.71542075,-0.815029572
,-1.022352313,0.387570769
,-0.425342195,-0.175215678
,1.080223383,0.197317274
,0.679146923,0.363091264
,-0.080423792,-0.246038567
,-0.554343032,-0.186471135
,-0.753148733,0.125093248
,1.41125935,0.224584901
,0.094585922,-0.839164074
,-0.90810117,-0.029334768
,-2.01720729,-0.464783486
,0.505473236,0.845076675
,0.464641278,0.570596383
,3.026969514,-0.07709676
,1.971591861,0.351078897
,0.116766562,-0.355490542
,-0.128069604,0
,0.391242181,0.282564238
,1.81320244,-0.214711241
,0.4292431,0.184813176
,-0.912198409,-0.297191446
,-0.277021086,0.176220047
,0.193007018,-0.361583799
,-0.087792039,0.336058442
,1.174522067,-0.26937499
,0.555990139,0.654314045
,1.697491911,0.799405287
,0.313905016,-0.07356547
,-0.403602381,-0.086683982
,-0.647004618,-0.602767347
,-0.834419491,-0.089030154
,1.071375815,0.029831915
,0.908938394,0.057014691
,-3.606123496,0.723849676
,-0.316471232,-0.211759739
,0.599948095,0.022680323
,0.88347318,0.069308226
,0.201083872,0.57360636
,0.739930957,0.355970705
,1.090162387,0.523213344
,-0.016738875,0.399932714
,0.75160076,0.497988872
,0.170733837,-0.086449148
,0.110109706,0.167714915
,1.336479266,0.602985015
,-0.096961779,-0.108278638
,-0.40051383,0.04188993
,-0.818891014,0.149225011
,0.401448692,0.101746522
,-0.425114831,-0.258170594
,0.946941218,1.358121093
,-0.490020784,-0.587711695
,0.114202711,0.050375024
,-0.385504668,-0.328262251
,-0.069709862,-0.291762589
,0.528138821,-0.228682834
,0.293513566,0.079957573
,-0.063323445,0.326333993
,0.249554031,0.03665656
,-0.241342018,-0.338474918
,0.051590972,0.83398793
,0.052744334,-0.162803482
,-0.130147816,-0.131517934
,0.545257024,-0.201191596
,-1.619868629,-1.248559452
,0.574719363,0.188810257
,-0.080214344,-0.106083205
,-0.209099954,-0.084435244
,0.142992291,-0.102010734
,1.078221057,0.722530863
,2.117607323,0.108473644
,0.230772492,0.2930811
,1.157204665,-0.225759398
,0.559044456,-0.164347539
,1.70383547,0.055936598
,0.269808924,-0.305953684
,-1.217125345,0.192765027
,-0.379221933,-0.082747239
,1.349688966,0.068745012
,-0.517298942,-0.143490837
,-0.681648275,-0.376703714
,-1.298237925,-0.683802052
,1.938874754,0.857646586
,0.198257759,-0.290760312
,-0.508050755,-0.171782517
,0.3175542,0.752885036
,-0.392090756,-0.303968833
,0.983423099,1.078173662
,0.023142538,0.607221418
,0.183826771,-0.048582137
,0.994720276,0.055276727
,0.717166206,-0.191497974
,2.481415194,0.173079185
,-0.136133245,0.118834369
,-0.626068445,-0.127216937
,-0.372626261,0.058193341
,-0.361173767,0.408035919
,1.581387357,0.003744538
,0.397509176,-0.102577458
,-0.40698931,0.112996274
,-0.140255009,-0.216515162
,1.438494892,-0.147953531
,-0.352208969,0.47651423
,0.841987063,-0.068713284
,-2.230536503,-1.834546835
,1.442818146,0.368003888
,0.1407513,0.674470289
,1.121990516,0.514686369
,0.089588157,0.183618503
,0.902720751,0.248603393
,1.320364835,0.443211172
,0.241310415,0.031050179
,0.092345524,-0.120535063
,-0.208908438,-0.04600745
,0.133631793,0.754259568
,1.076564619,0.37008743
,0.456877611,-0.121840685
,-0.828070191,-0.278290886
,0.702413333,0.156702902
,0.019799934,0.026716884
,-3.214632946,-0.083033365
,-1.379178642,-0.09792425
,1.632354218,0.450135881
,-0.441434876,-0.099632705
,-1.26763882,-0.224210982
,2.412154469,0.028359898
,0.752440509,0.831258337
,-0.2595844,-0.671916059
,0.966506051,-0.058281424
,-0.092835354,-0.04558858
,0.243386988,0.155969863
,-0.9771227,0.031575172
,-1.745558835,-0.810558635
,1.377676083,0.87695014
,-1.464738273,-0.863721675
,-0.815876808,0.153205764
,-1.492490179,0.230816812
,1.843116914,0.145222391
,-0.646517054,-0.941298728
,1.401329051,0.638271272
,1.793253014,0.09273361
,-0.235101689,-0.078298734
,1.237620254,0.727905107
,-0.585910477,0.187282942
,0.11785553,0.466261641
,0.818155032,-0.005291426
,1.416592313,0.059767836
,0.235950041,0.535825834
,0.178048574,-0.015367111
,-0.294972104,-0.036793928
,1.286444012,-0.106430101
,0.088515993,0.291890764
,1.23576276,0.028262388
,-0.647996249,-0.097316154
,-2.5131545,-0.134201559
,-3.213706938,-0.07284109
,0.84779742,0.244612084
,-0.030117967,0.049252712
,-0.904785956,-0.218604173
,0.066855814,0.188732141
,0.473774446,0.164584465
,-0.245192664,-0.241735214
,-0.79418394,-0.036367465
,-2.588172616,-1.458021856
,1.150197069,0.127475696
,1.569250327,0.999365144
,-0.056967104,-0.049893254
,-0.465088352,0.141909552
,-1.816682947,-1.555734222
,-0.218863271,-0.183705369
,-0.541909635,0.116197557
,1.417596582,0.989169543
,-0.924732434,-0.345957025
,-0.581015319,-0.20766166
,-0.757759228,0.167147162
,0.080369911,0.048695331
,0.846282884,0.084246693
,1.408191128,0.460453176
,1.3356133,0.57046734
,-0.239934365,0.198057825
,-1.335738542,-0.757945848
,0.261756629,0.312384233
,1.198613748,-0.017845188
,-1.39512454,-0.148996014
,1.240845787,1.078097488
,0.471299077,0.335830258
,1.717339228,0.075683436
,-0.742037435,-0.110132385
,-0.547757206,0.184547743
,-1.285087,0.145486204
,-0.445464282,0.110957955
,0.344819312,0.063414675
,-0.883454271,-0.305056572
,-0.994934422,0.064758398
,-1.615959927,-0.222452286
,-0.126704485,0.007216421
,1.298797194,0.407682233
,0.579891095,0.120389082
,0.516226098,0.369826274
,-0.224934126,0.386651892
,-0.218132626,0.215651121
,0.868647219,0.124594362
,1.582519189,0.563090398
,0.886110966,-0.107421107
,0.14238055,-0.1806064
,-0.383176806,0.231971998
,0.787007185,0.180188267
,0.594210265,-0.168817689
,0.200612782,0.087772191
,0.338432493,0.174922265
,0.276856489,0.067235258
,-1.209308748,0.074205977
,-1.04759606,0.032794416
,-0.375727734,0.510379608
,-1.704319944,-0.398039552
,0.988581415,0.161660113
,-0.306859401,-0.467395589
,-0.049346646,0.127013925
,12.41305917,0.804060997
,0.895206749,-0.319757729
,-0.502674366,0.094401308
,-0.144862308,0.159084385
,-0.860834552,0.018994807
,1.575864312,0.309228924
,0.81174305,0.127044391
,0.223725591,-0.018912071
,0.860798364,0.144261384
,-0.331563823,-0.376898148
,-0.335335206,-0.089804684
,0.338881147,0.098315089
,0.676956523,-0.231228068
,-0.896837546,-0.554099874
,0.93641954,0.816265302
,-0.653683689,-0.262941701
,-0.316458178,0.127486992
,1.163393007,0.65198386
,1.452341327,-0.075054264
,2.548210219,0.205398437
,0.825416759,-0.038433159
,-0.18665378,0.980033212
,-2.745967932,-0.0369294
,1.324215026,0.815758675
,-1.231260405,-0.202658278
,-2.473672784,-0.105271082
,0.669739121,-0.374639051
,0.939885412,-0.011411186
,0.643567313,0.292806665
,0.190367056,0.549120221
,0.59376248,0.319684203
,-0.329056681,0.154772365
,-0.081568521,-0.047306868
,0.866413926,-0.407916777
,0.414720145,0.893431347
,0.965517446,0.534847839
,-0.269134299,-0.323549789
,-0.82537551,-0.082823618
,-0.243156837,0.198368688
,-0.546283667,-0.045827146
,0.716386449,-0.105897574
,0.466296167,0.079062824
,0.324272441,0.183231905
,-1.411996389,-0.519663243
,1.657040659,0.826907853
,1.269436884,0.637843324
,0.446602575,0.402054262
,1.603331895,0.700914585
,1.4321657,0.166096392
,0.46647757,0.130208347
,0.130034765,-0.111284596
,1.766147022,0.700902609
,2.209324756,0.672692617
,-0.026050436,-0.353071313
,-0.758504868,0.937100631
,-0.129818127,-0.161769775
,0.097377035,0.437564815
,2.496809793,0.803436443
,2.619625138,0.217200493
,-0.36984869,-0.056013264
,1.494470526,0.060243942
,1.733863436,1.177163804
,1.108628451,-0.675473632
,1.410626928,-1.095864257
